{"gemma3-270m": {"ns": {"0": {"best": 5.704077410697937, "ms_per_step": 353.2858192920685}, "1": {"best": 5.549671840667725, "ms_per_step": 372.6472481091817}, "2": {"best": 5.410543990135193, "ms_per_step": 391.57031893730164}, "3": {"best": 5.270836591720581, "ms_per_step": 409.3259874979655}, "5": {"best": 5.213536334037781, "ms_per_step": 445.98090926806134}}, "basin": {"muon": {"0.005": 5.494704222679138, "0.01": 5.435504937171936, "0.02": 5.416650366783142, "0.04": 5.420324182510376, "0.08": 5.425240540504456}, "adamw": {"0.0001": 6.1842155933380125, "0.0003": 5.698015832901001, "0.001": 5.545119738578796, "0.003": 5.559232020378113}}, "rank": {"adamw": [[100, 182.56718571980795], [200, 164.7000503540039], [300, 150.5553461710612], [400, 141.44335746765137], [500, 136.48317527770996], [600, 134.3236230214437], [700, 133.4395046234131], [800, 133.19142850240073], [900, 133.1241486867269], [1000, 133.0651569366455]], "muon": [[100, 197.41843287150064], [200, 178.3117472330729], [300, 165.86721992492676], [400, 159.7425765991211], [500, 156.3758029937744], [600, 154.0486914316813], [700, 153.43827184041342], [800, 152.8866548538208], [900, 152.68861293792725], [1000, 152.60528246561685]]}}, "lfm2.5-350m": {"ns": {"0": {"best": 5.782811522483826, "ms_per_step": 289.6274371941884}, "1": {"best": 5.487871193885804, "ms_per_step": 355.1478600502014}, "2": {"best": 5.338667631149292, "ms_per_step": 419.7294270992279}, "3": {"best": 5.375777363777161, "ms_per_step": 484.6463183561961}, "5": {"best": 5.346690106391907, "ms_per_step": 614.4374163945516}}, "basin": {"muon": {"0.005": 5.614720869064331, "0.01": 5.535465121269226, "0.02": 5.5760586023330685, "0.04": 5.603651928901672, "0.08": 5.628309226036071}, "adamw": {"0.0001": 6.15258424282074, "0.0003": 5.691889405250549, "0.001": 5.379377007484436, "0.003": 5.487943267822265}}, "rank": {"adamw": [[100, 417.74639892578125], [200, 415.30487569173175], [300, 407.2816569010417], [400, 400.29368591308594], [500, 392.03992462158203], [600, 387.9903793334961], [700, 384.181391398112], [800, 382.83041127522785], [900, 382.3572311401367], [1000, 382.1850865681966]], "muon": [[100, 429.9917246500651], [200, 417.37047322591144], [300, 392.0177001953125], [400, 376.7562306722005], [500, 364.4839274088542], [600, 359.84532165527344], [700, 357.66058858235675], [800, 357.5078582763672], [900, 358.04310099283856], [1000, 358.6035970052083]]}}}